Title,Departing From,Duration,Destination,Available_Dates_Count
3-Night Cruise from Singapore,Singapore,3-Night,3-Night Cruise from Singapore,64
4-Night Cruise from Singapore,Singapore,4-Night,4-Night Cruise from Singapore,38
4-Night Langkawi Cruise from Singapore,Singapore,4-Night,4-Night Langkawi Cruise from Singapore,27
3-Night Baja Cruise from San Diego,San Diego,3-Night,3-Night Baja Cruise from San Diego,21
4-Night Baja Cruise from San Diego,San Diego,4-Night,4-Night Baja Cruise from San Diego,9
3-Night Very Merrytime Baja Cruise from San Diego,San Diego,3-Night,3-Night Very Merrytime Baja Cruise from San Diego,4
3-Night Bahamian Cruise from Fort Lauderdale,Fort Lauderdale,3-Night,3-Night Bahamian Cruise from Fort Lauderdale,3
4-Night Very Merrytime Baja Cruise from San Diego,San Diego,4-Night,4-Night Very Merrytime Baja Cruise from San Diego,1
3-Night Very Merrytime Bahamian Cruise from Fort Lauderdale,Fort Lauderdale,3-Night,3-Night Very Merrytime Bahamian Cruise from Fort Lauderdale,9
4-Night Halloween on the High Seas Baja Cruise from San Diego,San Diego,4-Night,4-Night Halloween on the High Seas Baja Cruise from San Diego,1
3-Night Halloween on the High Seas Baja Cruise from San Diego,San Diego,3-Night,3-Night Halloween on the High Seas Baja Cruise from San Diego,8
 4-Night Pacific Coast Cruise from San Diego ending in Vancouver,San Diego ending in Vancouver,, 4-Night Pacific Coast Cruise from San Diego ending in Vancouver,3
4-Night Pacific Coast Cruise from Vancouver ending in San Diego,Vancouver ending in San Diego,4-Night,4-Night Pacific Coast Cruise from Vancouver ending in San Diego,2
4-Night Very Merrytime Western Caribbean Cruise from Galveston,Galveston,4-Night,4-Night Very Merrytime Western Caribbean Cruise from Galveston,5
5-Night Halloween on the High Seas Mexican Riviera Cruise from San Diego,San Diego,5-Night,5-Night Halloween on the High Seas Mexican Riviera Cruise from San Diego,4
3-Night Bahamian Cruise from Port Canaveral,Port Canaveral,3-Night,3-Night Bahamian Cruise from Port Canaveral,56
4-Night Halloween on the High Seas Bahamian Cruise from Fort Lauderdale,Fort Lauderdale,4-Night,4-Night Halloween on the High Seas Bahamian Cruise from Fort Lauderdale,4
4-Night Western Caribbean Cruise from Galveston,Galveston,4-Night,4-Night Western Caribbean Cruise from Galveston,13
3-Night Halloween on the High Seas Bahamian Cruise from Fort Lauderdale,Fort Lauderdale,3-Night,3-Night Halloween on the High Seas Bahamian Cruise from Fort Lauderdale,4
4-Night Very Merrytime Bahamian Cruise from Fort Lauderdale,Fort Lauderdale,4-Night,4-Night Very Merrytime Bahamian Cruise from Fort Lauderdale,8
4-Night Bahamian Cruise from Fort Lauderdale,Fort Lauderdale,4-Night,4-Night Bahamian Cruise from Fort Lauderdale,22
5-Night Very Merrytime Mexican Riviera Cruise from San Diego,San Diego,5-Night,5-Night Very Merrytime Mexican Riviera Cruise from San Diego,2
3-Night Very Merrytime Bahamian Cruise from Port Canaveral,Port Canaveral,3-Night,3-Night Very Merrytime Bahamian Cruise from Port Canaveral,13
3-Night Halloween on the High Seas Bahamian Cruise from Port Canaveral,Port Canaveral,3-Night,3-Night Halloween on the High Seas Bahamian Cruise from Port Canaveral,12
6-Night Very Merrytime Mexican Riviera Cruise from San Diego,San Diego,6-Night,6-Night Very Merrytime Mexican Riviera Cruise from San Diego,1
4-Night Halloween on the High Seas Bahamian Cruise from Port Canaveral,Port Canaveral,4-Night,4-Night Halloween on the High Seas Bahamian Cruise from Port Canaveral,15
5-Night Very Merrytime Western Caribbean Cruise from Galveston,Galveston,5-Night,5-Night Very Merrytime Western Caribbean Cruise from Galveston,9
6-Night Halloween on the High Seas Mexican Riviera Cruise from San Diego,San Diego,6-Night,6-Night Halloween on the High Seas Mexican Riviera Cruise from San Diego,4
4-Night Bahamian Cruise from Port Canaveral,Port Canaveral,4-Night,4-Night Bahamian Cruise from Port Canaveral,36
4-Night Western Caribbean Cruise from Galveston with Marvel Days at Sea,Galveston with Marvel Days at Sea,4-Night,4-Night Western Caribbean Cruise from Galveston with Marvel Days at Sea,3
4-Night Very Merrytime Bahamian Cruise from Port Canaveral,Port Canaveral,4-Night,4-Night Very Merrytime Bahamian Cruise from Port Canaveral,14
5-Night Baja Cruise from San Diego,San Diego,5-Night,5-Night Baja Cruise from San Diego,4
5-Night Very Merrytime Baja Cruise from San Diego,San Diego,5-Night,5-Night Very Merrytime Baja Cruise from San Diego,2
5-Night Western Caribbean Cruise from Galveston,Galveston,5-Night,5-Night Western Caribbean Cruise from Galveston,14
5-Night Mexican Riviera Cruise from San Diego,San Diego,5-Night,5-Night Mexican Riviera Cruise from San Diego,2
5-Night Western Caribbean Cruise from Galveston with Marvel Days at Sea,Galveston with Marvel Days at Sea,5-Night,5-Night Western Caribbean Cruise from Galveston with Marvel Days at Sea,5
5-Night Halloween on the High Seas Baja Cruise from San Diego,San Diego,5-Night,5-Night Halloween on the High Seas Baja Cruise from San Diego,1
5-Night Halloween on the High Seas Bahamian Cruise from Port Canaveral,Port Canaveral,5-Night,5-Night Halloween on the High Seas Bahamian Cruise from Port Canaveral,9
5-Night Bahamian Cruise from Port Canaveral,Port Canaveral,5-Night,5-Night Bahamian Cruise from Port Canaveral,36
5-Night Western Caribbean Cruise from Fort Lauderdale,Fort Lauderdale,5-Night,5-Night Western Caribbean Cruise from Fort Lauderdale,16
7-Night Halloween on the High Seas Mexican Riviera Cruise from San Diego,San Diego,7-Night,7-Night Halloween on the High Seas Mexican Riviera Cruise from San Diego,2
5-Night Halloween on the High Seas Western Caribbean Cruise from Fort Lauderdale,Fort Lauderdale,5-Night,5-Night Halloween on the High Seas Western Caribbean Cruise from Fort Lauderdale,4
4-Night Eastern Caribbean Cruise from Fort Lauderdale ending in San Juan,Fort Lauderdale ending in San Juan,4-Night,4-Night Eastern Caribbean Cruise from Fort Lauderdale ending in San Juan,1
6-Night Mexican Riviera Cruise from San Diego,San Diego,6-Night,6-Night Mexican Riviera Cruise from San Diego,2
4-Night Eastern Caribbean Cruise from San Juan ending in Port Canaveral,San Juan ending in Port Canaveral,4-Night,4-Night Eastern Caribbean Cruise from San Juan ending in Port Canaveral,2
5-Night Very Merrytime Western Caribbean Cruise from Port Canaveral,Port Canaveral,5-Night,5-Night Very Merrytime Western Caribbean Cruise from Port Canaveral,6
5-Night Very Merrytime Bahamian Cruise from Port Canaveral,Port Canaveral,5-Night,5-Night Very Merrytime Bahamian Cruise from Port Canaveral,4
5-Night Very Merrytime Eastern Caribbean Cruise from Port Canaveral ending San Juan,Port Canaveral ending San Juan,5-Night,5-Night Very Merrytime Eastern Caribbean Cruise from Port Canaveral ending San Juan,1
5-Night Very Merrytime Eastern Caribbean Cruise from San Juan ending in Fort Lauderdale,San Juan ending in Fort Lauderdale,5-Night,5-Night Very Merrytime Eastern Caribbean Cruise from San Juan ending in Fort Lauderdale,1
5-Night Bahamian Cruise from Fort Lauderdale,Fort Lauderdale,5-Night,5-Night Bahamian Cruise from Fort Lauderdale,15
5-Night Very Merrytime Bahamian Cruise from Fort Lauderdale,Fort Lauderdale,5-Night,5-Night Very Merrytime Bahamian Cruise from Fort Lauderdale,4
5-Night Western Caribbean Cruise from Port Canaveral,Port Canaveral,5-Night,5-Night Western Caribbean Cruise from Port Canaveral,5
5-Night Western Caribbean from Port Canaveral with Pixar Days at Sea,Port Canaveral with Pixar Days at Sea,5-Night,5-Night Western Caribbean from Port Canaveral with Pixar Days at Sea,1
7-Night Bahamian Cruise from Galveston,Galveston,7-Night,7-Night Bahamian Cruise from Galveston,2
7-Night Mexican Riviera Cruise from San Diego,San Diego,7-Night,7-Night Mexican Riviera Cruise from San Diego,1
5-Night Halloween on the High Seas Western Caribbean Cruise from Port Canaveral,Port Canaveral,5-Night,5-Night Halloween on the High Seas Western Caribbean Cruise from Port Canaveral,1
7-Night Bahamian Cruise from Galveston with Marvel Days at Sea,Galveston with Marvel Days at Sea,7-Night,7-Night Bahamian Cruise from Galveston with Marvel Days at Sea,2
7-Night Eastern Caribbean Cruise from Fort Lauderdale,Fort Lauderdale,7-Night,7-Night Eastern Caribbean Cruise from Fort Lauderdale,2
7-Night Very Merrytime Mexican Riviera Cruise from San Diego,San Diego,7-Night,7-Night Very Merrytime Mexican Riviera Cruise from San Diego,2
5-Night Bahamian Cruise from Port Canaveral with Pixar Days at Sea,Port Canaveral with Pixar Days at Sea,5-Night,5-Night Bahamian Cruise from Port Canaveral with Pixar Days at Sea,1
6-Night Eastern Caribbean Cruise from San Juan ending in Port Canaveral,San Juan ending in Port Canaveral,6-Night,6-Night Eastern Caribbean Cruise from San Juan ending in Port Canaveral,1
6-Night Bahamian Cruise from Fort Lauderdale,Fort Lauderdale,6-Night,6-Night Bahamian Cruise from Fort Lauderdale,1
6-Night Eastern Caribbean Cruise from Fort Lauderdale,Fort Lauderdale,6-Night,6-Night Eastern Caribbean Cruise from Fort Lauderdale,4
6-Night Eastern Caribbean Cruise from Fort Lauderdale ending San Juan,Fort Lauderdale ending San Juan,6-Night,6-Night Eastern Caribbean Cruise from Fort Lauderdale ending San Juan,1
3-Night Belgium Cruise from Southampton,Southampton,3-Night,3-Night Belgium Cruise from Southampton,1
3-Night Northern Europe Cruise from Southampton,Southampton,3-Night,3-Night Northern Europe Cruise from Southampton,1
7-Night Alaskan Cruise from Vancouver,Vancouver,7-Night,7-Night Alaskan Cruise from Vancouver,16
5-Night Halloween on the High Seas Bahamian Cruise from Fort Lauderdale,Fort Lauderdale,5-Night,5-Night Halloween on the High Seas Bahamian Cruise from Fort Lauderdale,3
7-Night Halloween on the High Seas Western Caribbean Cruise from Port Canaveral,Port Canaveral,7-Night,7-Night Halloween on the High Seas Western Caribbean Cruise from Port Canaveral,6
7-Night Halloween on the High Seas Western Caribbean Cruise from Fort Lauderdale,Fort Lauderdale,7-Night,7-Night Halloween on the High Seas Western Caribbean Cruise from Fort Lauderdale,1
7-Night Western Caribbean Cruise from Port Canaveral,Port Canaveral,7-Night,7-Night Western Caribbean Cruise from Port Canaveral,27
5-Night Bahamian Cruise from Port Canaveral with 2 Stops at Castaway Cay,Port Canaveral with 2 Stops at Castaway Cay,5-Night,5-Night Bahamian Cruise from Port Canaveral with 2 Stops at Castaway Cay,4
7-Night Very Merrytime Western Caribbean Cruise from Port Canaveral,Port Canaveral,7-Night,7-Night Very Merrytime Western Caribbean Cruise from Port Canaveral,6
7-Night Halloween on the High Seas Eastern Caribbean Cruise from Port Canaveral,Port Canaveral,7-Night,7-Night Halloween on the High Seas Eastern Caribbean Cruise from Port Canaveral,5
5-Night Halloween on the High Seas Bermuda Cruise from New York ending in San Juan,New York ending in San Juan,5-Night,5-Night Halloween on the High Seas Bermuda Cruise from New York ending in San Juan,1
7-Night Eastern Caribbean Cruise from Port Canaveral,Port Canaveral,7-Night,7-Night Eastern Caribbean Cruise from Port Canaveral,4
6-Night Alaskan Cruise from Vancouver,Vancouver,6-Night,6-Night Alaskan Cruise from Vancouver,1
7-Night Very Merrytime Eastern Caribbean Cruise from Fort Lauderdale,Fort Lauderdale,7-Night,7-Night Very Merrytime Eastern Caribbean Cruise from Fort Lauderdale,1
4-Night Spain Cruise from Southampton,Southampton,4-Night,4-Night Spain Cruise from Southampton,1
7-Night Halloween on the High Seas Eastern Caribbean Cruise from Fort Lauderdale,Fort Lauderdale,7-Night,7-Night Halloween on the High Seas Eastern Caribbean Cruise from Fort Lauderdale,1
7-Night Very Merrytime Eastern Caribbean Cruise from Port Canaveral,Port Canaveral,7-Night,7-Night Very Merrytime Eastern Caribbean Cruise from Port Canaveral,4
7-Night Very Merrytime Bahamian Cruise from Fort Lauderdale with 2 stops at Castaway Cay,Fort Lauderdale with 2 stops at Castaway Cay,7-Night,7-Night Very Merrytime Bahamian Cruise from Fort Lauderdale with 2 stops at Castaway Cay,1
7-Night Southern Caribbean Cruise from San Juan,San Juan,7-Night,7-Night Southern Caribbean Cruise from San Juan,1
6-Night Western Caribbean Cruise from Port Canaveral,Port Canaveral,6-Night,6-Night Western Caribbean Cruise from Port Canaveral,1
7-Night Very Merrytime Southern Caribbean Cruise from San Juan,San Juan,7-Night,7-Night Very Merrytime Southern Caribbean Cruise from San Juan,1
6-Night Bahamian Cruise from Port Canaveral with 2 Stops at Castaway Cay,Port Canaveral with 2 Stops at Castaway Cay,6-Night,6-Night Bahamian Cruise from Port Canaveral with 2 Stops at Castaway Cay,1
6-Night Very Merrytime Bahamian Cruise from Fort Lauderdale,Fort Lauderdale,6-Night,6-Night Very Merrytime Bahamian Cruise from Fort Lauderdale,1
6-Night Very Merrytime Bahamian Cruise from Fort Lauderdale with 2 Stops at Castaway Cay,Fort Lauderdale with 2 Stops at Castaway Cay,6-Night,6-Night Very Merrytime Bahamian Cruise from Fort Lauderdale with 2 Stops at Castaway Cay,1
14-Night Eastbound Panama Canal Cruise from San Diego ending in Galveston,San Diego ending in Galveston,14-Night,14-Night Eastbound Panama Canal Cruise from San Diego ending in Galveston,1
14-Night Westbound Panama Canal Cruise from Galveston ending in San Diego,Galveston ending in San Diego,14-Night,14-Night Westbound Panama Canal Cruise from Galveston ending in San Diego,1
7-Night Very Merrytime Bahamian Cruise from Galveston,Galveston,7-Night,7-Night Very Merrytime Bahamian Cruise from Galveston,1
5-Night Halloween on the High Seas Canada & New England Cruise from New York,New York,5-Night,5-Night Halloween on the High Seas Canada & New England Cruise from New York,1
5-Night Spain Cruise from Southampton,Southampton,5-Night,5-Night Spain Cruise from Southampton,1
8-Night Alaskan Cruise from Vancouver,Vancouver,8-Night,8-Night Alaskan Cruise from Vancouver,1
6-Night Halloween on the High Seas Bermuda & Canada Cruise from New York,New York,6-Night,6-Night Halloween on the High Seas Bermuda & Canada Cruise from New York,1
7-Night Western Caribbean Cruise from Fort Lauderdale,Fort Lauderdale,7-Night,7-Night Western Caribbean Cruise from Fort Lauderdale,1
5-Night Halloween on the High Seas Bermuda Cruise from New York,New York,5-Night,5-Night Halloween on the High Seas Bermuda Cruise from New York,2
8-Night Eastern Caribbean Cruise from Fort Lauderdale,Fort Lauderdale,8-Night,8-Night Eastern Caribbean Cruise from Fort Lauderdale,1
6-Night Western Europe Cruise from Barcelona ending in Southampton,Barcelona ending in Southampton,6-Night,6-Night Western Europe Cruise from Barcelona ending in Southampton,1
7-Night Mediterranean Cruise from Barcelona,Barcelona,7-Night,7-Night Mediterranean Cruise from Barcelona,2
7-Night British Isles Cruise from Southampton,Southampton,7-Night,7-Night British Isles Cruise from Southampton,1
8-Night Bermuda Cruise from Fort Lauderdale,Fort Lauderdale,8-Night,8-Night Bermuda Cruise from Fort Lauderdale,1
7-Night Northern Europe Cruise from Southampton,Southampton,7-Night,7-Night Northern Europe Cruise from Southampton,1
8-Night Mediterranean Cruise with Greek Isles from Civitavecchia (Rome),Civitavecchia (Rome),8-Night,8-Night Mediterranean Cruise with Greek Isles from Civitavecchia (Rome),1
9-Night Mediterranean with Greek Isles Cruise from Barcelona ending in Civitavecchia (Rome),Barcelona ending in Civitavecchia (Rome),9-Night,9-Night Mediterranean with Greek Isles Cruise from Barcelona ending in Civitavecchia (Rome),1
7-Night Norwegian Fjords Cruise from Southampton ,Southampton ,7-Night,7-Night Norwegian Fjords Cruise from Southampton ,1
8-Night Very Merrytime Eastern Caribbean Cruise from Port Canaveral,Port Canaveral,8-Night,8-Night Very Merrytime Eastern Caribbean Cruise from Port Canaveral,1
8-Night Adriatic Sea and Greece Cruise from Civitavecchia (Rome),Civitavecchia (Rome),8-Night,8-Night Adriatic Sea and Greece Cruise from Civitavecchia (Rome),1
10-Night Mediterranean with Greek Isles Cruise from Civitavecchia (Rome) ending in Barcelona,Civitavecchia (Rome) ending in Barcelona,10-Night,10-Night Mediterranean with Greek Isles Cruise from Civitavecchia (Rome) ending in Barcelona,1
10-Night Southern Caribbean Cruise from Port Canaveral,Port Canaveral,10-Night,10-Night Southern Caribbean Cruise from Port Canaveral,1
4-Night Bermuda Cruise from New York,New York,4-Night,4-Night Bermuda Cruise from New York,1
